[{"id":1597582,"name":"500px","svg":"svg/monochrome/500px.svg","category":"Brand Logos","style":"monochrome","tags":["logo","social-media","brand","500px"],"pro":false},{"id":1597581,"name":"adobe","svg":"svg/monochrome/adobe.svg","category":"Brand Logos","style":"monochrome","tags":["logo","social-media","brand","adobe"],"pro":false},{"id":1597599,"name":"adobe-alt","svg":"svg/monochrome/adobe-alt.svg","category":"Brand Logos","style":"monochrome","tags":["logo","brand-logo","brand","adobe-alt"],"pro":false},{"id":1569133,"name":"airplay","svg":"svg/monochrome/airplay.svg","category":"Multimedia","style":"monochrome","tags":["screen-mirroring","screen","airplay"],"pro":false},{"id":1569169,"name":"align","svg":"svg/monochrome/align.svg","category":"Content","style":"monochrome","tags":["right-indent","right-alignment","alignment","align"],"pro":false},{"id":1569162,"name":"align-alt","svg":"svg/monochrome/align-alt.svg","category":"Content","style":"monochrome","tags":["alignment","align","text-adjustment","text-alignment","align-alt"],"pro":false},{"id":1569159,"name":"align-center","svg":"svg/monochrome/align-center.svg","category":"Content","style":"monochrome","tags":["center-alignment","align","alignment","text-formating","text-format","center","align-center"],"pro":false},{"id":1569192,"name":"align-center-justify","svg":"svg/monochrome/align-center-justify.svg","category":"Content","style":"monochrome","tags":["center-alignment","alignment","center","align-center-justify"],"pro":false},{"id":1569182,"name":"align-justify","svg":"svg/monochrome/align-justify.svg","category":"Content","style":"monochrome","tags":["justify-alignment","justify","align","text-formating","text-format","alignment","align-justify"],"pro":false},{"id":1569180,"name":"align-left","svg":"svg/monochrome/align-left.svg","category":"Content","style":"monochrome","tags":["left-alignment","left-align","alignment","align-left"],"pro":false},{"id":1569167,"name":"align-left-justify","svg":"svg/monochrome/align-left-justify.svg","category":"Content","style":"monochrome","tags":["subject","left-alignment","left-align","alignment","text-formating","align-left-justify"],"pro":false},{"id":1569163,"name":"align-letter-right","svg":"svg/monochrome/align-letter-right.svg","category":"Content","style":"monochrome","tags":["align","alignment","align-right","align-letter-right"],"pro":false},{"id":1569173,"name":"align-right","svg":"svg/monochrome/align-right.svg","category":"Content","style":"monochrome","tags":["right-alignment","right-align","alignment","align","align-right"],"pro":false},{"id":1569172,"name":"align-right-justify","svg":"svg/monochrome/align-right-justify.svg","category":"Content","style":"monochrome","tags":["right-alignment","right-align","alignment","align-right-justify"],"pro":false},{"id":1597598,"name":"amazon","svg":"svg/monochrome/amazon.svg","category":"Brand Logos","style":"monochrome","tags":["logo","brand-logo","brand","amazon"],"pro":false},{"id":1569212,"name":"analysis","svg":"svg/monochrome/analysis.svg","category":"Business","style":"monochrome","tags":["show-chart","growth-graph","graph","trading","analysis"],"pro":false},{"id":1569210,"name":"analytics","svg":"svg/monochrome/analytics.svg","category":"Business","style":"monochrome","tags":["bar-graph","graph","analysis","analytics"],"pro":false},{"id":1651007,"name":"anchor","svg":"svg/monochrome/anchor.svg","category":"User Interface","style":"monochrome","tags":["marine","nautical","anchor"],"pro":false},{"id":1597597,"name":"android","svg":"svg/monochrome/android.svg","category":"Brand Logos","style":"monochrome","tags":["logo","brand-logo","brand","android"],"pro":false},{"id":1597548,"name":"android-alt","svg":"svg/monochrome/android-alt.svg","category":"Brand Logos","style":"monochrome","tags":["logo","brand","brand-logo","android-alt"],"pro":false},{"id":1569229,"name":"angle-double-down","svg":"svg/monochrome/angle-double-down.svg","category":"Arrows","style":"monochrome","tags":["down-chevron","double-chevron","down","chevron","arrow","direction","angle-double-down"],"pro":false},{"id":1569233,"name":"angle-double-left","svg":"svg/monochrome/angle-double-left.svg","category":"Arrows","style":"monochrome","tags":["double-chevron","left","chevron","arrow","direction","angle-double-left"],"pro":false},{"id":1569232,"name":"angle-double-right","svg":"svg/monochrome/angle-double-right.svg","category":"Arrows","style":"monochrome","tags":["double-chevron","right","chevron","arrow","direction","angle-double-right"],"pro":false},{"id":1569239,"name":"angle-double-up","svg":"svg/monochrome/angle-double-up.svg","category":"Arrows","style":"monochrome","tags":["up-chevron","double-chevron","up","chevron","arrow","direction","angle-double-up"],"pro":false},{"id":1569231,"name":"angle-down","svg":"svg/monochrome/angle-down.svg","category":"Arrows","style":"monochrome","tags":["down-arrow","down","arrow","direction","angle-down"],"pro":false},{"id":1569226,"name":"angle-left","svg":"svg/monochrome/angle-left.svg","category":"Arrows","style":"monochrome","tags":["left-arrow","left","arrow","left-side","direction","angle-left"],"pro":false},{"id":1569223,"name":"angle-right","svg":"svg/monochrome/angle-right.svg","category":"Arrows","style":"monochrome","tags":["right-arrow","right","arrow","direction","angle-right"],"pro":false},{"id":1569221,"name":"angle-right-b","svg":"svg/monochrome/angle-right-b.svg","category":"Arrows","style":"monochrome","tags":["right-arrow","right","arrow","right-side","direction","angle-right-b"],"pro":false},{"id":1569237,"name":"angle-up","svg":"svg/monochrome/angle-up.svg","category":"Arrows","style":"monochrome","tags":["upper-arrow","top-arrow","up-arrow","arrow","direction","angle-up"],"pro":false},{"id":1597550,"name":"apple","svg":"svg/monochrome/apple.svg","category":"Brand Logos","style":"monochrome","tags":["logo","brand","apple"],"pro":false},{"id":1597596,"name":"apple-alt","svg":"svg/monochrome/apple-alt.svg","category":"Brand Logos","style":"monochrome","tags":["logo","brand-logo","brand","apple-alt"],"pro":false},{"id":1569154,"name":"apps","svg":"svg/monochrome/apps.svg","category":"Design Tools","style":"monochrome","tags":["grid","layout","arrange","apps"],"pro":false},{"id":1569230,"name":"arrow-circle-down","svg":"svg/monochrome/arrow-circle-down.svg","category":"Arrows","style":"monochrome","tags":["down-arrow","down","arrow","direction","arrow-circle-down"],"pro":false},{"id":1569227,"name":"arrow-circle-left","svg":"svg/monochrome/arrow-circle-left.svg","category":"Arrows","style":"monochrome","tags":["left-arrow","left","arrow","direction","arrow-circle-left"],"pro":false},{"id":1569222,"name":"arrow-circle-right","svg":"svg/monochrome/arrow-circle-right.svg","category":"Arrows","style":"monochrome","tags":["right-arrow","right","arrow","direction","arrow-circle-right"],"pro":false},{"id":1569236,"name":"arrow-circle-up","svg":"svg/monochrome/arrow-circle-up.svg","category":"Arrows","style":"monochrome","tags":["upper-arrow","top-arrow","up-arrow","arrow","direction","arrow-circle-up"],"pro":false},{"id":1569225,"name":"arrow-down-left","svg":"svg/monochrome/arrow-down-left.svg","category":"Arrows","style":"monochrome","tags":["lower-left","left-arrow","left","lower","down-arrow","arrow","direction","arrow-down-left"],"pro":false},{"id":1569224,"name":"arrow-down-right","svg":"svg/monochrome/arrow-down-right.svg","category":"Arrows","style":"monochrome","tags":["lower-right-arrow","lower-right","arrow","lower","down-arrow","direction","arrow-down-right"],"pro":false},{"id":1569235,"name":"arrow-up-left","svg":"svg/monochrome/arrow-up-left.svg","category":"Arrows","style":"monochrome","tags":["upper-left-arrow","upper-left","upper","arrow","direction","arrow-up-left"],"pro":false},{"id":1569234,"name":"arrow-up-right","svg":"svg/monochrome/arrow-up-right.svg","category":"Arrows","style":"monochrome","tags":["upper-right-arrow","upper-right","upper","arrow","direction","arrow-up-right"],"pro":false},{"id":1650986,"name":"at","svg":"svg/monochrome/at.svg","category":"User Interface","style":"monochrome","tags":["address","contact","email","at"],"pro":false},{"id":1569215,"name":"bag","svg":"svg/monochrome/bag.svg","category":"Business","style":"monochrome","tags":["office-bag","briefcase","portfolio","suitcase","bag"],"pro":false},{"id":1569183,"name":"bars","svg":"svg/monochrome/bars.svg","category":"Content","style":"monochrome","tags":["justify","hamburger-menu","align","alignment","bars"],"pro":false},{"id":1650979,"name":"battery-bolt","svg":"svg/monochrome/battery-bolt.svg","category":"User Interface","style":"monochrome","tags":["battery-charging","battery","charge","charging","battery-bolt"],"pro":false},{"id":1650980,"name":"battery-empty","svg":"svg/monochrome/battery-empty.svg","category":"User Interface","style":"monochrome","tags":["battery","low-battery","battery-empty"],"pro":false},{"id":1597580,"name":"behance","svg":"svg/monochrome/behance.svg","category":"Brand Logos","style":"monochrome","tags":["logo","social-media","brand","behance"],"pro":false},{"id":1597595,"name":"behance-alt","svg":"svg/monochrome/behance-alt.svg","category":"Brand Logos","style":"monochrome","tags":["logo","brand-logo","brand","behance-alt"],"pro":false},{"id":2056087,"name":"bing","svg":"svg/monochrome/bing.svg","category":"Brand Logos","style":"monochrome","tags":["logo","search-engine","bing"],"pro":false},{"id":1597556,"name":"bitcoin","svg":"svg/monochrome/bitcoin.svg","category":"Brand Logos","style":"monochrome","tags":["cryptocurrency","logo","brand-logo","brand","bitcoin"],"pro":false},{"id":1597547,"name":"bitcoin-alt","svg":"svg/monochrome/bitcoin-alt.svg","category":"Brand Logos","style":"monochrome","tags":["logo","brand","brand-logo","bitcoin-alt"],"pro":false},{"id":1597549,"name":"blackberry","svg":"svg/monochrome/blackberry.svg","category":"Brand Logos","style":"monochrome","tags":["logo","brand","black-berry","blackberry"],"pro":false},{"id":1597594,"name":"blogger","svg":"svg/monochrome/blogger.svg","category":"Brand Logos","style":"monochrome","tags":["logo","brand-logo","brand","blogger"],"pro":false},{"id":1597546,"name":"blogger-alt","svg":"svg/monochrome/blogger-alt.svg","category":"Brand Logos","style":"monochrome","tags":["logo","brand","brand-logo","blogger-alt"],"pro":false},{"id":1650998,"name":"bookmark","svg":"svg/monochrome/bookmark.svg","category":"User Interface","style":"monochrome","tags":["save","tag","bookmark"],"pro":false},{"id":1569161,"name":"border-alt","svg":"svg/monochrome/border-alt.svg","category":"Content","style":"monochrome","tags":["border-style","border","border-alt"],"pro":false},{"id":1569160,"name":"border-bottom","svg":"svg/monochrome/border-bottom.svg","category":"Content","style":"monochrome","tags":["bottom-border","border","border-style","border-bottom"],"pro":false},{"id":1569174,"name":"border-clear","svg":"svg/monochrome/border-clear.svg","category":"Content","style":"monochrome","tags":["none-border","clear-border","border","border-clear"],"pro":false},{"id":1569185,"name":"border-horizontal","svg":"svg/monochrome/border-horizontal.svg","category":"Content","style":"monochrome","tags":["horizontal-border","border","border-horizontal"],"pro":false},{"id":1569184,"name":"border-inner","svg":"svg/monochrome/border-inner.svg","category":"Content","style":"monochrome","tags":["inside-border","inside","border","inner-border","border-inner"],"pro":false},{"id":1569178,"name":"border-left","svg":"svg/monochrome/border-left.svg","category":"Content","style":"monochrome","tags":["left-border","border","border-left"],"pro":false},{"id":1569146,"name":"border-out","svg":"svg/monochrome/border-out.svg","category":"Design Tools","style":"monochrome","tags":["outer-border","outer","border","border-out"],"pro":false},{"id":1569171,"name":"border-right","svg":"svg/monochrome/border-right.svg","category":"Content","style":"monochrome","tags":["right-border","border","border-right"],"pro":false},{"id":1569166,"name":"border-top","svg":"svg/monochrome/border-top.svg","category":"Content","style":"monochrome","tags":["top-border","top","border","border-top"],"pro":false},{"id":1569165,"name":"border-vertical","svg":"svg/monochrome/border-vertical.svg","category":"Content","style":"monochrome","tags":["vertical-border","border","vertical-center-border","border-vertical"],"pro":false},{"id":1650974,"name":"box","svg":"svg/monochrome/box.svg","category":"User Interface","style":"monochrome","tags":["cube","parcel","package","box"],"pro":false},{"id":1569214,"name":"briefcase","svg":"svg/monochrome/briefcase.svg","category":"Business","style":"monochrome","tags":["office-bag","hand-bag","school-bag","bag","briefcase"],"pro":false},{"id":1650973,"name":"calender","svg":"svg/monochrome/calender.svg","category":"User Interface","style":"monochrome","tags":["date","month","planner","schedule","calender"],"pro":false},{"id":1569211,"name":"chart","svg":"svg/monochrome/chart.svg","category":"Business","style":"monochrome","tags":["bar-graph","analysis","analytics","chart"],"pro":false},{"id":1569213,"name":"chart-pie","svg":"svg/monochrome/chart-pie.svg","category":"Business","style":"monochrome","tags":["pie-chart","chart","analysis","analytics","chart-pie"],"pro":false},{"id":1650984,"name":"check","svg":"svg/monochrome/check.svg","category":"User Interface","style":"monochrome","tags":["approve","done","complete","success","right-tick","check"],"pro":false},{"id":1650985,"name":"check-circle","svg":"svg/monochrome/check-circle.svg","category":"User Interface","style":"monochrome","tags":["approve","check","done","complete","success","right-tick","check-circle"],"pro":false},{"id":1650977,"name":"check-square","svg":"svg/monochrome/check-square.svg","category":"User Interface","style":"monochrome","tags":["checked","ok","right","tick","tick-sign","check-square"],"pro":false},{"id":1569114,"name":"circle","svg":"svg/monochrome/circle.svg","category":"Shape","style":"monochrome","tags":["shape","round","round-shape","design","design-shape","circle"],"pro":false},{"id":1569157,"name":"circle-layer","svg":"svg/monochrome/circle-layer.svg","category":"Design Tools","style":"monochrome","tags":["circle","layer","design-tool","circle-layer"],"pro":false},{"id":1977285,"name":"clinic-medical","svg":"svg/monochrome/clinic-medical.svg","category":"Medical","style":"monochrome","tags":["health","clinic","medical","building","covid-19","clinic-medical"],"pro":false},{"id":1569109,"name":"clock","svg":"svg/monochrome/clock.svg","category":"Time","style":"monochrome","tags":["watch","time","wall-clock","clock"],"pro":false},{"id":1569108,"name":"clock-eight","svg":"svg/monochrome/clock-eight.svg","category":"Time","style":"monochrome","tags":["clock","watch","time","wall-clock","clock-alt","clock-eight"],"pro":false},{"id":1569107,"name":"clock-five","svg":"svg/monochrome/clock-five.svg","category":"Time","style":"monochrome","tags":["clock","watch","time","wall-clock","clock-alt","clock-five"],"pro":false},{"id":1569106,"name":"clock-nine","svg":"svg/monochrome/clock-nine.svg","category":"Time","style":"monochrome","tags":["clock","watch","time","wall-clock","clock-alt","clock-nine"],"pro":false},{"id":1569113,"name":"clock-seven","svg":"svg/monochrome/clock-seven.svg","category":"Time","style":"monochrome","tags":["clock","watch","time","wall-clock","clock-alt","clock-seven"],"pro":false},{"id":1569112,"name":"clock-ten","svg":"svg/monochrome/clock-ten.svg","category":"Time","style":"monochrome","tags":["clock","watch","time","wall-clock","clock-alt","clock-ten"],"pro":false},{"id":1569111,"name":"clock-three","svg":"svg/monochrome/clock-three.svg","category":"Time","style":"monochrome","tags":["clock","watch","time","wall-clock","clock-alt","clock-three"],"pro":false},{"id":1569110,"name":"clock-two","svg":"svg/monochrome/clock-two.svg","category":"Time","style":"monochrome","tags":["clock","watch","time","wall-clock","clock-alt","clock-two"],"pro":false},{"id":1569193,"name":"columns","svg":"svg/monochrome/columns.svg","category":"Cloud And Web","style":"monochrome","tags":["web-layout","layout","section","grid","columns"],"pro":false},{"id":1569209,"name":"comment","svg":"svg/monochrome/comment.svg","category":"Chat","style":"monochrome","tags":["chat","chat-bubble","message","chatting","communication","comment"],"pro":false},{"id":1569207,"name":"comment-alt","svg":"svg/monochrome/comment-alt.svg","category":"Chat","style":"monochrome","tags":["chat-bubble","chat","chatting","message","communication","comment","comment-alt"],"pro":false},{"id":1569204,"name":"comment-alt-dots","svg":"svg/monochrome/comment-alt-dots.svg","category":"Chat","style":"monochrome","tags":["comment","chat-bubble","chat","message","chatting","communication","comment-alt-dots"],"pro":false},{"id":1569206,"name":"comment-alt-message","svg":"svg/monochrome/comment-alt-message.svg","category":"Chat","style":"monochrome","tags":["chat-bubble","chat","chatting","message","communication","comment-alt-message"],"pro":false},{"id":1569202,"name":"comment-alt-plus","svg":"svg/monochrome/comment-alt-plus.svg","category":"Chat","style":"monochrome","tags":["add-chat-bubble","new-chat","chat","chatting","message","communication","comment-alt-plus"],"pro":false},{"id":1569208,"name":"comment-dots","svg":"svg/monochrome/comment-dots.svg","category":"Chat","style":"monochrome","tags":["chat","chatting","comment","message","conversation","comment-dots"],"pro":false},{"id":1569205,"name":"comment-message","svg":"svg/monochrome/comment-message.svg","category":"Chat","style":"monochrome","tags":["chat-bubble","chat","chatting","message","communication","comment-message"],"pro":false},{"id":1569203,"name":"comment-plus","svg":"svg/monochrome/comment-plus.svg","category":"Chat","style":"monochrome","tags":["add-chat","new-chat","chat","chatting","message","communication","comment-plus"],"pro":false},{"id":1569145,"name":"compress","svg":"svg/monochrome/compress.svg","category":"Design Tools","style":"monochrome","tags":["resize","arrow","compress"],"pro":false},{"id":1569219,"name":"corner-down-left","svg":"svg/monochrome/corner-down-left.svg","category":"Arrows","style":"monochrome","tags":["turn-down-left","left-down","left","arrow","corner-down-left"],"pro":false},{"id":1569218,"name":"corner-down-right","svg":"svg/monochrome/corner-down-right.svg","category":"Arrows","style":"monochrome","tags":["turn-down-right","right-down","right","arrow","corner-down-right"],"pro":false},{"id":1569244,"name":"corner-left-down","svg":"svg/monochrome/corner-left-down.svg","category":"Arrows","style":"monochrome","tags":["turn-left-down","turn-left","left-down","turning","direction","arrow","corner-left-down"],"pro":false},{"id":1569243,"name":"corner-right-down","svg":"svg/monochrome/corner-right-down.svg","category":"Arrows","style":"monochrome","tags":["turn-right-down","turn-right","right-down","turning","direction","arrow","corner-right-down"],"pro":false},{"id":1569242,"name":"corner-up-left","svg":"svg/monochrome/corner-up-left.svg","category":"Arrows","style":"monochrome","tags":["turn-up-left","turn-left","left-turn","left","arrow","direction","corner-up-left"],"pro":false},{"id":1569241,"name":"corner-up-right","svg":"svg/monochrome/corner-up-right.svg","category":"Arrows","style":"monochrome","tags":["turn-up-right","turn-right","right-turn","right","arrow","direction","corner-up-right"],"pro":false},{"id":1977290,"name":"coronavirus","svg":"svg/monochrome/coronavirus.svg","category":"Medical","style":"monochrome","tags":["virus","covid-19","covid","corona-virus","coronavirus"],"pro":false},{"id":2056092,"name":"css3","svg":"svg/monochrome/css3.svg","category":"Brand Logos","style":"monochrome","tags":["logo","language","programming-language","css3"],"pro":false},{"id":2056093,"name":"css3-simple","svg":"svg/monochrome/css3-simple.svg","category":"Brand Logos","style":"monochrome","tags":["logo","language","programming-language","css","css3","css3-simple"],"pro":false},{"id":1650978,"name":"cube","svg":"svg/monochrome/cube.svg","category":"User Interface","style":"monochrome","tags":["box","3d","cube"],"pro":false},{"id":1569190,"name":"dialpad","svg":"svg/monochrome/dialpad.svg","category":"Content","style":"monochrome","tags":["dial-pad","numpad","dialpad"],"pro":false},{"id":1569191,"name":"dialpad-alt","svg":"svg/monochrome/dialpad-alt.svg","category":"Content","style":"monochrome","tags":["dialpad","dial-pad","dial","number","numpad","dialpad-alt"],"pro":false},{"id":1569220,"name":"direction","svg":"svg/monochrome/direction.svg","category":"Arrows","style":"monochrome","tags":["scroll-up","scroll","up-arrow","down-arrow","arrow","up","down","direction"],"pro":false},{"id":2056094,"name":"discord","svg":"svg/monochrome/discord.svg","category":"Brand Logos","style":"monochrome","tags":["voip","application","platform","logo","discord"],"pro":false},{"id":1569189,"name":"document-layout-center","svg":"svg/monochrome/document-layout-center.svg","category":"Content","style":"monochrome","tags":["document-layout","layout","blog","article","image","document-layout-center"],"pro":false},{"id":1569188,"name":"document-layout-left","svg":"svg/monochrome/document-layout-left.svg","category":"Content","style":"monochrome","tags":["document-layout","layout","blog","article","image","document-layout-left"],"pro":false},{"id":1569187,"name":"document-layout-right","svg":"svg/monochrome/document-layout-right.svg","category":"Content","style":"monochrome","tags":["document-layout","layout","left-justify","left-alignment","blog","article","image","document-layout-right"],"pro":false},{"id":1569228,"name":"download-alt","svg":"svg/monochrome/download-alt.svg","category":"Arrows","style":"monochrome","tags":["download","down-arrow","arrow","download-alt"],"pro":false},{"id":1597579,"name":"dribbble","svg":"svg/monochrome/dribbble.svg","category":"Brand Logos","style":"monochrome","tags":["logo","social-media","brand","dribbble"],"pro":false},{"id":1650968,"name":"dropbox","svg":"svg/monochrome/dropbox.svg","category":"Brand Logos","style":"monochrome","tags":["logo","brand","dropbox"],"pro":false},{"id":1651006,"name":"ellipsis-h","svg":"svg/monochrome/ellipsis-h.svg","category":"User Interface","style":"monochrome","tags":["menu","more","show-more","option","ellipsis-h"],"pro":false},{"id":1651005,"name":"ellipsis-v","svg":"svg/monochrome/ellipsis-v.svg","category":"User Interface","style":"monochrome","tags":["menu","more","show-more","option","ellipsis-v"],"pro":false},{"id":1650972,"name":"exclamation-circle","svg":"svg/monochrome/exclamation-circle.svg","category":"User Interface","style":"monochrome","tags":["exclamation-mark","alert","wrong","exclamation-circle"],"pro":false},{"id":1650970,"name":"exclamation-octagon","svg":"svg/monochrome/exclamation-octagon.svg","category":"User Interface","style":"monochrome","tags":["exclamation-mark","mark","alert","warning","error","exclamation-octagon"],"pro":false},{"id":1650971,"name":"exclamation-triangle","svg":"svg/monochrome/exclamation-triangle.svg","category":"User Interface","style":"monochrome","tags":["exclamation-mark","mark","alert","warning","error","caution","exclamation-triangle"],"pro":false},{"id":1597578,"name":"facebook","svg":"svg/monochrome/facebook.svg","category":"Brand Logos","style":"monochrome","tags":["logo","social-media","brand","facebook"],"pro":false},{"id":1597577,"name":"facebook-f","svg":"svg/monochrome/facebook-f.svg","category":"Brand Logos","style":"monochrome","tags":["logo","social-media","brand","facebook-f"],"pro":false},{"id":1597576,"name":"facebook-messenger","svg":"svg/monochrome/facebook-messenger.svg","category":"Brand Logos","style":"monochrome","tags":["logo","social-media","brand","facebook-messenger"],"pro":false},{"id":1597545,"name":"facebook-messenger-alt","svg":"svg/monochrome/facebook-messenger-alt.svg","category":"Brand Logos","style":"monochrome","tags":["logo","brand","brand-logo","facebook-messenger-alt"],"pro":false},{"id":1650992,"name":"favorite","svg":"svg/monochrome/favorite.svg","category":"User Interface","style":"monochrome","tags":["star","bookmark","rate","ratings","favorite"],"pro":false},{"id":1569152,"name":"flip-h","svg":"svg/monochrome/flip-h.svg","category":"Design Tools","style":"monochrome","tags":["horizontal-flip","flip","image-flip","mirror-image","flip-h"],"pro":false},{"id":1569151,"name":"flip-h-alt","svg":"svg/monochrome/flip-h-alt.svg","category":"Design Tools","style":"monochrome","tags":["horizontal-flip","flip","image-flip","mirror-image","flip-h-alt"],"pro":false},{"id":1569138,"name":"flip-v","svg":"svg/monochrome/flip-v.svg","category":"Design Tools","style":"monochrome","tags":["vertical-flip","flip","image-flip","mirror-image","edit","flip-v"],"pro":false},{"id":1569137,"name":"flip-v-alt","svg":"svg/monochrome/flip-v-alt.svg","category":"Design Tools","style":"monochrome","tags":["vertical-flip","flip","image-flip","mirror-image","edit","flip-v-alt"],"pro":false},{"id":1597554,"name":"github","svg":"svg/monochrome/github.svg","category":"Brand Logos","style":"monochrome","tags":["developer-tool","logo","github"],"pro":false},{"id":1597553,"name":"github-alt","svg":"svg/monochrome/github-alt.svg","category":"Brand Logos","style":"monochrome","tags":["developer-tool","logo","github-alt"],"pro":false},{"id":1597559,"name":"google","svg":"svg/monochrome/google.svg","category":"Brand Logos","style":"monochrome","tags":["search-engine","logo","google"],"pro":false},{"id":1597555,"name":"google-drive","svg":"svg/monochrome/google-drive.svg","category":"Brand Logos","style":"monochrome","tags":["data-storage","google-drive"],"pro":false},{"id":1650965,"name":"google-drive-alt","svg":"svg/monochrome/google-drive-alt.svg","category":"Brand Logos","style":"monochrome","tags":["social-media","logo","brand","drive","google-drive-alt"],"pro":false},{"id":1597551,"name":"google-hangouts","svg":"svg/monochrome/google-hangouts.svg","category":"Brand Logos","style":"monochrome","tags":["hangouts","logo","social-media","google-hangouts"],"pro":false},{"id":1597557,"name":"google-hangouts-alt","svg":"svg/monochrome/google-hangouts-alt.svg","category":"Brand Logos","style":"monochrome","tags":["brand","brand-logo","logo","google-hangouts-alt"],"pro":false},{"id":1650966,"name":"google-play","svg":"svg/monochrome/google-play.svg","category":"Brand Logos","style":"monochrome","tags":["play-store","store","logo","google-play"],"pro":false},{"id":1569217,"name":"graph-bar","svg":"svg/monochrome/graph-bar.svg","category":"Business","style":"monochrome","tags":["bar-graph","graph","analysis","analytics","graph-bar"],"pro":false},{"id":1569194,"name":"grid","svg":"svg/monochrome/grid.svg","category":"Cloud And Web","style":"monochrome","tags":["web-layout","layout","section","grid"],"pro":false},{"id":1569155,"name":"grids","svg":"svg/monochrome/grids.svg","category":"Design Tools","style":"monochrome","tags":["grid","grid-layout","grids"],"pro":false},{"id":1569186,"name":"grip-horizontal-line","svg":"svg/monochrome/grip-horizontal-line.svg","category":"Content","style":"monochrome","tags":["drag-handle","grip-lines","grip-horizontal-line"],"pro":false},{"id":1977304,"name":"head-side","svg":"svg/monochrome/head-side.svg","category":"Medical","style":"monochrome","tags":["man","human","face","head","covid-19","head-side"],"pro":false},{"id":1977286,"name":"head-side-cough","svg":"svg/monochrome/head-side-cough.svg","category":"Medical","style":"monochrome","tags":["face","dieases","covid-19","coronovirus","cough","coronavirus","head-side-cough"],"pro":false},{"id":1977303,"name":"head-side-mask","svg":"svg/monochrome/head-side-mask.svg","category":"Medical","style":"monochrome","tags":["mask","face-mask","hygiene","facemask","covid-19","head-side-mask"],"pro":false},{"id":1650982,"name":"history","svg":"svg/monochrome/history.svg","category":"User Interface","style":"monochrome","tags":["backup","restore","revert","history"],"pro":false},{"id":1651012,"name":"history-alt","svg":"svg/monochrome/history-alt.svg","category":"User Interface","style":"monochrome","tags":["history","backup","restore","revert","history-alt"],"pro":false},{"id":1569149,"name":"horizontal-align-left","svg":"svg/monochrome/horizontal-align-left.svg","category":"Design Tools","style":"monochrome","tags":["left-align","left-alignment","align","alignment","horizontal-align-left"],"pro":false},{"id":1977287,"name":"hospital","svg":"svg/monochrome/hospital.svg","category":"Medical","style":"monochrome","tags":["care","mediacl","healthcare","building","covid-19","coronavirus","hospital"],"pro":false},{"id":1977306,"name":"hospital-square-sign","svg":"svg/monochrome/hospital-square-sign.svg","category":"Medical","style":"monochrome","tags":["hospital-sign","medical-sign","h-sign","covid-19","hospital-square-sign"],"pro":false},{"id":1977305,"name":"hospital-symbol","svg":"svg/monochrome/hospital-symbol.svg","category":"Medical","style":"monochrome","tags":["hospital-sign","medical-sign","h-sign","medical","covid-19","hospital-symbol"],"pro":false},{"id":1977292,"name":"house-user","svg":"svg/monochrome/house-user.svg","category":"Medical","style":"monochrome","tags":["stay-in-home","home","work-from-home","wfh","house","stay-safe","covid-19","stay-at-home","house-user"],"pro":false},{"id":1597584,"name":"html3","svg":"svg/monochrome/html3.svg","category":"Brand Logos","style":"monochrome","tags":["logo","html","brand-logo","brand","html3"],"pro":false},{"id":1597593,"name":"html3-alt","svg":"svg/monochrome/html3-alt.svg","category":"Brand Logos","style":"monochrome","tags":["logo","brand-logo","brand","html3-alt"],"pro":false},{"id":2056091,"name":"html5","svg":"svg/monochrome/html5.svg","category":"Brand Logos","style":"monochrome","tags":["logo","language","programming-language","html","html5"],"pro":false},{"id":2056090,"name":"html5-alt","svg":"svg/monochrome/html5-alt.svg","category":"Brand Logos","style":"monochrome","tags":["logo","language","programming-language","html5-alt"],"pro":false},{"id":1569131,"name":"image-v","svg":"svg/monochrome/image-v.svg","category":"Multimedia","style":"monochrome","tags":["image","picture","photo","gallary","image-v"],"pro":false},{"id":1597575,"name":"instagram","svg":"svg/monochrome/instagram.svg","category":"Brand Logos","style":"monochrome","tags":["logo","social-media","brand","instagram"],"pro":false},{"id":1597574,"name":"instagram-alt","svg":"svg/monochrome/instagram-alt.svg","category":"Brand Logos","style":"monochrome","tags":["logo","social-media","brand","instagram","instagram-alt"],"pro":false},{"id":1597573,"name":"intercom","svg":"svg/monochrome/intercom.svg","category":"Brand Logos","style":"monochrome","tags":["logo","social-media","brand","intercom"],"pro":false},{"id":1597544,"name":"intercom-alt","svg":"svg/monochrome/intercom-alt.svg","category":"Brand Logos","style":"monochrome","tags":["logo","brand","brand-logo","intercom-alt"],"pro":false},{"id":1597588,"name":"java-script","svg":"svg/monochrome/java-script.svg","category":"Brand Logos","style":"monochrome","tags":["logo","developer-language","coding-language","java-script"],"pro":false},{"id":1651011,"name":"key-skeleton","svg":"svg/monochrome/key-skeleton.svg","category":"User Interface","style":"monochrome","tags":["key","password","lock","key-skeleton"],"pro":false},{"id":1651010,"name":"key-skeleton-alt","svg":"svg/monochrome/key-skeleton-alt.svg","category":"User Interface","style":"monochrome","tags":["key","password","lock","key-skeleton-alt"],"pro":false},{"id":1569122,"name":"keyhole-circle","svg":"svg/monochrome/keyhole-circle.svg","category":"Security","style":"monochrome","tags":["key-hole","lock","privacy","security","protection","safe","key","keyhole","keyhole-circle"],"pro":false},{"id":1569123,"name":"keyhole-square","svg":"svg/monochrome/keyhole-square.svg","category":"Security","style":"monochrome","tags":["keyhole","key-hole","lock","privacy","security","protection","safe","keyhole-square"],"pro":false},{"id":1569121,"name":"keyhole-square-full","svg":"svg/monochrome/keyhole-square-full.svg","category":"Security","style":"monochrome","tags":["key-hole","lock","privacy","security","protection","safe","keyhole","keyhole-square-full"],"pro":false},{"id":1651009,"name":"layer-group","svg":"svg/monochrome/layer-group.svg","category":"User Interface","style":"monochrome","tags":["layer","layers","arrange","layer-group"],"pro":false},{"id":1569150,"name":"layers-alt","svg":"svg/monochrome/layers-alt.svg","category":"Design Tools","style":"monochrome","tags":["layers","layer","design-tool","layers-alt"],"pro":false},{"id":1569181,"name":"left-indent","svg":"svg/monochrome/left-indent.svg","category":"Content","style":"monochrome","tags":["left-alignment","alignment","align","left-indent"],"pro":false},{"id":1569177,"name":"left-indent-alt","svg":"svg/monochrome/left-indent-alt.svg","category":"Content","style":"monochrome","tags":["left-indent","indent","left","alignment","align","left-indent-alt"],"pro":false},{"id":1597572,"name":"line","svg":"svg/monochrome/line.svg","category":"Brand Logos","style":"monochrome","tags":["logo","social-media","brand","line"],"pro":false},{"id":1569156,"name":"line-spacing","svg":"svg/monochrome/line-spacing.svg","category":"Design Tools","style":"monochrome","tags":["format-line","line-spacing"],"pro":false},{"id":1651008,"name":"link-h","svg":"svg/monochrome/link-h.svg","category":"User Interface","style":"monochrome","tags":["link","chain","hyperlink","web-link","link-h"],"pro":false},{"id":1597571,"name":"linkedin","svg":"svg/monochrome/linkedin.svg","category":"Brand Logos","style":"monochrome","tags":["logo","social-media","brand","linkedin"],"pro":false},{"id":1597570,"name":"linkedin-alt","svg":"svg/monochrome/linkedin-alt.svg","category":"Brand Logos","style":"monochrome","tags":["logo","social-media","brand","linkedin-alt"],"pro":false},{"id":1569176,"name":"list-ui-alt","svg":"svg/monochrome/list-ui-alt.svg","category":"Content","style":"monochrome","tags":["list","menu","list-ui-alt"],"pro":false},{"id":1569175,"name":"list-ul","svg":"svg/monochrome/list-ul.svg","category":"Content","style":"monochrome","tags":["list-format","list","menu","bullets","list-ul"],"pro":false},{"id":1569126,"name":"lock","svg":"svg/monochrome/lock.svg","category":"Security","style":"monochrome","tags":["pad-lock","safe","security","protected","lock"],"pro":false},{"id":1569130,"name":"lock-access","svg":"svg/monochrome/lock-access.svg","category":"Security","style":"monochrome","tags":["lock","pad-lock","safe","security","protected","lock-access"],"pro":false},{"id":1569129,"name":"lock-alt","svg":"svg/monochrome/lock-alt.svg","category":"Security","style":"monochrome","tags":["lock","pad-lock","safe","security","protected","lock-alt"],"pro":false},{"id":1569125,"name":"lock-open-alt","svg":"svg/monochrome/lock-open-alt.svg","category":"Security","style":"monochrome","tags":["unlock","lock-open","pad-lock","access","lock-open-alt"],"pro":false},{"id":1597592,"name":"master-card","svg":"svg/monochrome/master-card.svg","category":"Brand Logos","style":"monochrome","tags":["logo","brand-logo","brand","payment-card","payment-method","payment","master-card"],"pro":false},{"id":1597561,"name":"medium-m","svg":"svg/monochrome/medium-m.svg","category":"Brand Logos","style":"monochrome","tags":["medium","social-media","blog","blogging-site","logo","medium-m"],"pro":false},{"id":1977300,"name":"microscope","svg":"svg/monochrome/microscope.svg","category":"Medical","style":"monochrome","tags":["medical-equipment","medical","equipment","tool","covid-19","covid","microscope"],"pro":false},{"id":1651004,"name":"minus-square-full","svg":"svg/monochrome/minus-square-full.svg","category":"User Interface","style":"monochrome","tags":["minus","minimize","close","delete","remove","minus-square-full"],"pro":false},{"id":1650975,"name":"multiply","svg":"svg/monochrome/multiply.svg","category":"User Interface","style":"monochrome","tags":["close","delete","remove","multiplication","multiply"],"pro":false},{"id":1569147,"name":"object-group","svg":"svg/monochrome/object-group.svg","category":"Design Tools","style":"monochrome","tags":["object","design-tool","object-group"],"pro":false},{"id":1569139,"name":"object-ungroup","svg":"svg/monochrome/object-ungroup.svg","category":"Design Tools","style":"monochrome","tags":["ungroup","design-tool","object-ungroup"],"pro":false},{"id":1597583,"name":"opera","svg":"svg/monochrome/opera.svg","category":"Brand Logos","style":"monochrome","tags":["logo","opera-mini","brand-logo","brand","opera"],"pro":false},{"id":1650967,"name":"opera-alt","svg":"svg/monochrome/opera-alt.svg","category":"Brand Logos","style":"monochrome","tags":["logo","brand-logo","opera-mini","brand","opera-alt"],"pro":false},{"id":1569128,"name":"padlock","svg":"svg/monochrome/padlock.svg","category":"Security","style":"monochrome","tags":["lock","pad-lock","safe","security","protected","padlock"],"pro":false},{"id":1650983,"name":"paperclip","svg":"svg/monochrome/paperclip.svg","category":"User Interface","style":"monochrome","tags":["attach","attachment","paperclip"],"pro":false},{"id":1569168,"name":"paragraph","svg":"svg/monochrome/paragraph.svg","category":"Content","style":"monochrome","tags":["short-text","paragraph"],"pro":false},{"id":1597560,"name":"paypal","svg":"svg/monochrome/paypal.svg","category":"Brand Logos","style":"monochrome","tags":["payment-gateway","logo","paypal"],"pro":false},{"id":1569116,"name":"pentagon","svg":"svg/monochrome/pentagon.svg","category":"Shape","style":"monochrome","tags":["shape","design","design-shape","pentagon"],"pro":false},{"id":1651002,"name":"plus-square","svg":"svg/monochrome/plus-square.svg","category":"User Interface","style":"monochrome","tags":["add","insert","plus-square"],"pro":false},{"id":1569115,"name":"polygon","svg":"svg/monochrome/polygon.svg","category":"Shape","style":"monochrome","tags":["shape","design","design-shape","polygon"],"pro":false},{"id":1569132,"name":"previous","svg":"svg/monochrome/previous.svg","category":"Multimedia","style":"monochrome","tags":["back","media-control","control","media","previous"],"pro":false},{"id":1650999,"name":"process","svg":"svg/monochrome/process.svg","category":"User Interface","style":"monochrome","tags":["repeat","reload","process"],"pro":false},{"id":1597591,"name":"react","svg":"svg/monochrome/react.svg","category":"Brand Logos","style":"monochrome","tags":["logo","brand-logo","brand","react"],"pro":false},{"id":1569134,"name":"record-audio","svg":"svg/monochrome/record-audio.svg","category":"Multimedia","style":"monochrome","tags":["recording","record","record-audio"],"pro":false},{"id":1597552,"name":"reddit-alien-alt","svg":"svg/monochrome/reddit-alien-alt.svg","category":"Brand Logos","style":"monochrome","tags":["development","logo","reddit-alien-alt"],"pro":false},{"id":1651001,"name":"redo","svg":"svg/monochrome/redo.svg","category":"User Interface","style":"monochrome","tags":["reload","refresh","recycle","redo"],"pro":false},{"id":1651000,"name":"refresh","svg":"svg/monochrome/refresh.svg","category":"User Interface","style":"monochrome","tags":["reload","sync","refresh"],"pro":false},{"id":1569148,"name":"repeat","svg":"svg/monochrome/repeat.svg","category":"Design Tools","style":"monochrome","tags":["loop","refresh","reload","repeat"],"pro":false},{"id":1569170,"name":"right-indent-alt","svg":"svg/monochrome/right-indent-alt.svg","category":"Content","style":"monochrome","tags":["right-indent","indent","right-alignment","text-format","right-indent-alt"],"pro":false},{"id":1977307,"name":"rocket","svg":"svg/monochrome/rocket.svg","category":"User Interface","style":"monochrome","tags":["startup","launch","missile","rocket"],"pro":false},{"id":1569143,"name":"ruler","svg":"svg/monochrome/ruler.svg","category":"Design Tools","style":"monochrome","tags":["scale","measure","design-tool","ruler"],"pro":false},{"id":1569144,"name":"ruler-combined","svg":"svg/monochrome/ruler-combined.svg","category":"Design Tools","style":"monochrome","tags":["ruler","scale","measure","design-tool","ruler-combined"],"pro":false},{"id":1977289,"name":"sanitizer","svg":"svg/monochrome/sanitizer.svg","category":"Medical","style":"monochrome","tags":["alcohol-based-sanitizer","hygiene","covid-19","coronavirus","sanitizer"],"pro":false},{"id":1977288,"name":"sanitizer-alt","svg":"svg/monochrome/sanitizer-alt.svg","category":"Medical","style":"monochrome","tags":["alcohol-based-sanitizer","hygiene","sanitizer","covid-19","coronavirus","sanitizer-alt"],"pro":false},{"id":1569136,"name":"scenery","svg":"svg/monochrome/scenery.svg","category":"Multimedia","style":"monochrome","tags":["image","picture","photo","gallary","scenery"],"pro":false},{"id":1569216,"name":"schedule","svg":"svg/monochrome/schedule.svg","category":"Business","style":"monochrome","tags":["calendar","planner","schedule"],"pro":false},{"id":1977296,"name":"shield-plus","svg":"svg/monochrome/shield-plus.svg","category":"Medical","style":"monochrome","tags":["security","medical-insurance","insurance","safety","covid-19","health","life-insurance","shield-plus"],"pro":false},{"id":1650996,"name":"sign-in-alt","svg":"svg/monochrome/sign-in-alt.svg","category":"User Interface","style":"monochrome","tags":["sign-in","login","entry","signin","sign-in-alt"],"pro":false},{"id":1650994,"name":"sign-out-alt","svg":"svg/monochrome/sign-out-alt.svg","category":"User Interface","style":"monochrome","tags":["sign-out","logout","exit","signout","sign-out-alt"],"pro":false},{"id":1651003,"name":"signal-alt","svg":"svg/monochrome/signal-alt.svg","category":"User Interface","style":"monochrome","tags":["network","phone-signal","phone-network","signal-alt"],"pro":false},{"id":1650981,"name":"signal-alt-3","svg":"svg/monochrome/signal-alt-3.svg","category":"User Interface","style":"monochrome","tags":["bar-graph","graph","analysis","analytics","signal-alt-3"],"pro":false},{"id":1650997,"name":"signin","svg":"svg/monochrome/signin.svg","category":"User Interface","style":"monochrome","tags":["login","entry","sign-in","signin"],"pro":false},{"id":1650995,"name":"signout","svg":"svg/monochrome/signout.svg","category":"User Interface","style":"monochrome","tags":["sign-out","logout","exit","signout"],"pro":false},{"id":1597543,"name":"skype","svg":"svg/monochrome/skype.svg","category":"Brand Logos","style":"monochrome","tags":["logo","brand","social-media","skype"],"pro":false},{"id":1597542,"name":"skype-alt","svg":"svg/monochrome/skype-alt.svg","category":"Brand Logos","style":"monochrome","tags":["logo","brand","social-media","skype-alt"],"pro":false},{"id":1597558,"name":"slack","svg":"svg/monochrome/slack.svg","category":"Brand Logos","style":"monochrome","tags":["slack-logo","logo","social-media","brand","slack"],"pro":false},{"id":1657221,"name":"slack-alt","svg":"svg/monochrome/slack-alt.svg","category":"Brand Logos","style":"monochrome","tags":["brand","logo","slack-logo","slack-alt"],"pro":false},{"id":1650969,"name":"snapchat-alt","svg":"svg/monochrome/snapchat-alt.svg","category":"Brand Logos","style":"monochrome","tags":["logo","brand","brand-logo","snapchat","snapchat-alt"],"pro":false},{"id":1597569,"name":"snapchat-ghost","svg":"svg/monochrome/snapchat-ghost.svg","category":"Brand Logos","style":"monochrome","tags":["logo","social-media","brand","snapchat","snapchat-ghost"],"pro":false},{"id":1597568,"name":"snapchat-square","svg":"svg/monochrome/snapchat-square.svg","category":"Brand Logos","style":"monochrome","tags":["logo","social-media","brand","snapchat","snapchat-square"],"pro":false},{"id":1977294,"name":"social-distancing","svg":"svg/monochrome/social-distancing.svg","category":"Medical","style":"monochrome","tags":["social-distance","avoid-crowd","avoid-public","covid-19","covid","public","social-distancing"],"pro":false},{"id":1569240,"name":"sorting","svg":"svg/monochrome/sorting.svg","category":"Arrows","style":"monochrome","tags":["up-arrow","down-arrow","arrow","ascending","descending","sorting"],"pro":false},{"id":1650993,"name":"space-key","svg":"svg/monochrome/space-key.svg","category":"User Interface","style":"monochrome","tags":["space-bar","keyboard","keys","space-key"],"pro":false},{"id":1569119,"name":"square","svg":"svg/monochrome/square.svg","category":"Shape","style":"monochrome","tags":["shape","square-shape","design","design-shape","square"],"pro":false},{"id":1569140,"name":"square-full","svg":"svg/monochrome/square-full.svg","category":"Design Tools","style":"monochrome","tags":["uncheck","check-box","box","square","square-full"],"pro":false},{"id":1569120,"name":"squre-shape","svg":"svg/monochrome/squre-shape.svg","category":"Shape","style":"monochrome","tags":["shape","square","design","design-shape","squre-shape"],"pro":false},{"id":1569117,"name":"star","svg":"svg/monochrome/star.svg","category":"Shape","style":"monochrome","tags":["star-shape","favorite","bookmark","rate","ratings","star"],"pro":false},{"id":1650991,"name":"star-half-alt","svg":"svg/monochrome/star-half-alt.svg","category":"User Interface","style":"monochrome","tags":["star","half-star","ratings","rate","star-half-alt"],"pro":false},{"id":1569135,"name":"step-forward","svg":"svg/monochrome/step-forward.svg","category":"Multimedia","style":"monochrome","tags":["next","media-control","control","media","step-forward"],"pro":false},{"id":1977302,"name":"stethoscope","svg":"svg/monochrome/stethoscope.svg","category":"Medical","style":"monochrome","tags":["medical-equipment","equipment","mediacl","covid-19","covid","stethoscope"],"pro":false},{"id":1977301,"name":"stethoscope-alt","svg":"svg/monochrome/stethoscope-alt.svg","category":"Medical","style":"monochrome","tags":["medical-equipment","equipment","mediacl","stethoscope","covid-19","stethoscope-alt"],"pro":false},{"id":1977295,"name":"store-slash","svg":"svg/monochrome/store-slash.svg","category":"Medical","style":"monochrome","tags":["shop","avoid-shopping","avoid-store","covid-19","avoid-public-place","store-slash"],"pro":false},{"id":1569179,"name":"subject","svg":"svg/monochrome/subject.svg","category":"Content","style":"monochrome","tags":["left-alignment","left-align","alignment","text-formating","align-left","subject"],"pro":false},{"id":1597585,"name":"swiggy","svg":"svg/monochrome/swiggy.svg","category":"Brand Logos","style":"monochrome","tags":["logo","food-delivery","brand-logo","brand","swiggy"],"pro":false},{"id":1650989,"name":"sync-exclamation","svg":"svg/monochrome/sync-exclamation.svg","category":"User Interface","style":"monochrome","tags":["sync-error","reload-error","refresh-error","error","exclamation-mark","sync-exclamation"],"pro":false},{"id":1650990,"name":"sync-slash","svg":"svg/monochrome/sync-slash.svg","category":"User Interface","style":"monochrome","tags":["sync-cancel","sync","sync-slash"],"pro":false},{"id":1569153,"name":"table","svg":"svg/monochrome/table.svg","category":"Design Tools","style":"monochrome","tags":["grid","tile","design-tool","th","table"],"pro":false},{"id":1597541,"name":"telegram","svg":"svg/monochrome/telegram.svg","category":"Brand Logos","style":"monochrome","tags":["logo","brand","social-media","telegram"],"pro":false},{"id":1597540,"name":"telegram-alt","svg":"svg/monochrome/telegram-alt.svg","category":"Brand Logos","style":"monochrome","tags":["logo","brand","social-media","telegram-plane","telegram-alt"],"pro":false},{"id":1569158,"name":"th-large","svg":"svg/monochrome/th-large.svg","category":"Design Tools","style":"monochrome","tags":["all-border","border","full-boarder","th-large"],"pro":false},{"id":1650976,"name":"times-circle","svg":"svg/monochrome/times-circle.svg","category":"User Interface","style":"monochrome","tags":["close","cancel","delete","cross","times-circle"],"pro":false},{"id":1650988,"name":"toggle-off","svg":"svg/monochrome/toggle-off.svg","category":"User Interface","style":"monochrome","tags":["toggle","on","off","switch","on-off","enable","disable","toggle-off"],"pro":false},{"id":1650987,"name":"toggle-on","svg":"svg/monochrome/toggle-on.svg","category":"User Interface","style":"monochrome","tags":["toggle","on","off","switch","on-off","enable","disable","toggle-on"],"pro":false},{"id":1977291,"name":"toilet-paper","svg":"svg/monochrome/toilet-paper.svg","category":"Medical","style":"monochrome","tags":["tissue-paper","tissue-roll","hygiene","covid-19","tissue","precaution","toilet-paper"],"pro":false},{"id":1569118,"name":"triangle","svg":"svg/monochrome/triangle.svg","category":"Shape","style":"monochrome","tags":["shape","design","design-shape","triangle"],"pro":false},{"id":1597567,"name":"tumblr","svg":"svg/monochrome/tumblr.svg","category":"Brand Logos","style":"monochrome","tags":["logo","social-media","brand","tumblr"],"pro":false},{"id":1597590,"name":"tumblr-alt","svg":"svg/monochrome/tumblr-alt.svg","category":"Brand Logos","style":"monochrome","tags":["logo","brand-logo","brand","tumblr-alt"],"pro":false},{"id":1597566,"name":"tumblr-square","svg":"svg/monochrome/tumblr-square.svg","category":"Brand Logos","style":"monochrome","tags":["logo","social-media","brand","tumblr","tumblr-square"],"pro":false},{"id":1597565,"name":"twitter","svg":"svg/monochrome/twitter.svg","category":"Brand Logos","style":"monochrome","tags":["logo","social-media","brand","twitter"],"pro":false},{"id":1597589,"name":"twitter-alt","svg":"svg/monochrome/twitter-alt.svg","category":"Brand Logos","style":"monochrome","tags":["logo","brand-logo","brand","twitter-alt"],"pro":false},{"id":1569127,"name":"unlock","svg":"svg/monochrome/unlock.svg","category":"Security","style":"monochrome","tags":["lock-open","pad-lock","access","unlock"],"pro":false},{"id":1569124,"name":"unlock-alt","svg":"svg/monochrome/unlock-alt.svg","category":"Security","style":"monochrome","tags":["unlock","lock-open","pad-lock","access","unlock-alt"],"pro":false},{"id":1569238,"name":"upload-alt","svg":"svg/monochrome/upload-alt.svg","category":"Arrows","style":"monochrome","tags":["upload","up-arrow","arrow","upload-alt"],"pro":false},{"id":1977293,"name":"user-arrows","svg":"svg/monochrome/user-arrows.svg","category":"Medical","style":"monochrome","tags":["social-distance","distance","avoid-crowd","avoid-public","public","social-distancing","covid-19","covid","user-arrows"],"pro":false},{"id":1977297,"name":"user-md","svg":"svg/monochrome/user-md.svg","category":"Medical","style":"monochrome","tags":["professional","avatar","coronavirus","covid","doctor","user-md"],"pro":false},{"id":1977298,"name":"user-nurse","svg":"svg/monochrome/user-nurse.svg","category":"Medical","style":"monochrome","tags":["nurse","treatment","coronavirus-patient","covid-19","coronavirus","patient","user-nurse"],"pro":false},{"id":1569142,"name":"vector-square","svg":"svg/monochrome/vector-square.svg","category":"Design Tools","style":"monochrome","tags":["transform-tool","free-transform","design-tool","vector-square"],"pro":false},{"id":1569141,"name":"vector-square-alt","svg":"svg/monochrome/vector-square-alt.svg","category":"Design Tools","style":"monochrome","tags":["transform-tool","free-transform","design-tool","vector-square-alt"],"pro":false},{"id":1977299,"name":"virus-slash","svg":"svg/monochrome/virus-slash.svg","category":"Medical","style":"monochrome","tags":["no-virus","coronavirus","virus","covid","virus-slash"],"pro":false},{"id":1597562,"name":"visual-studio","svg":"svg/monochrome/visual-studio.svg","category":"Brand Logos","style":"monochrome","tags":["logo","vs","brand","visual-studio"],"pro":false},{"id":1597601,"name":"vk","svg":"svg/monochrome/vk.svg","category":"Brand Logos","style":"monochrome","tags":["logo","brand","vk"],"pro":false},{"id":1597600,"name":"vk-alt","svg":"svg/monochrome/vk-alt.svg","category":"Brand Logos","style":"monochrome","tags":["logo","brand","vk-alt"],"pro":false},{"id":1597587,"name":"vuejs","svg":"svg/monochrome/vuejs.svg","category":"Brand Logos","style":"monochrome","tags":["logo","developer-language","coding-language","vuejs"],"pro":false},{"id":1597586,"name":"vuejs-alt","svg":"svg/monochrome/vuejs-alt.svg","category":"Brand Logos","style":"monochrome","tags":["logo","developer-language","vuejs-alt"],"pro":false},{"id":1569201,"name":"web-grid","svg":"svg/monochrome/web-grid.svg","category":"Cloud And Web","style":"monochrome","tags":["web-layout","layout","section","grid","web-grid"],"pro":false},{"id":1569200,"name":"web-grid-alt","svg":"svg/monochrome/web-grid-alt.svg","category":"Cloud And Web","style":"monochrome","tags":["web-layout","layout","section","grid","web-grid-alt"],"pro":false},{"id":1569199,"name":"web-section","svg":"svg/monochrome/web-section.svg","category":"Cloud And Web","style":"monochrome","tags":["web-layout","layout","section","grid","web-section"],"pro":false},{"id":1569198,"name":"web-section-alt","svg":"svg/monochrome/web-section-alt.svg","category":"Cloud And Web","style":"monochrome","tags":["web-layout","layout","section","grid","web-section-alt"],"pro":false},{"id":1597564,"name":"whatsapp","svg":"svg/monochrome/whatsapp.svg","category":"Brand Logos","style":"monochrome","tags":["logo","social-media","brand","whatsapp"],"pro":false},{"id":1569197,"name":"window-grid","svg":"svg/monochrome/window-grid.svg","category":"Cloud And Web","style":"monochrome","tags":["web-layout","layout","section","grid","window-grid"],"pro":false},{"id":1569196,"name":"window-maximize","svg":"svg/monochrome/window-maximize.svg","category":"Cloud And Web","style":"monochrome","tags":["web-layout","layout","section","grid","window-maximize"],"pro":false},{"id":1569195,"name":"window-section","svg":"svg/monochrome/window-section.svg","category":"Cloud And Web","style":"monochrome","tags":["web-layout","layout","section","grid","window-section"],"pro":false},{"id":2056089,"name":"wordpress","svg":"svg/monochrome/wordpress.svg","category":"Brand Logos","style":"monochrome","tags":["logo","open-source-software","tool","software","wordpress"],"pro":false},{"id":2056088,"name":"wordpress-simple","svg":"svg/monochrome/wordpress-simple.svg","category":"Brand Logos","style":"monochrome","tags":["logo","open-source-software","tool","software","wordpress-simple"],"pro":false},{"id":1569164,"name":"wrap-text","svg":"svg/monochrome/wrap-text.svg","category":"Content","style":"monochrome","tags":["word-wrap","text","wrap-text"],"pro":false},{"id":1597563,"name":"youtube","svg":"svg/monochrome/youtube.svg","category":"Brand Logos","style":"monochrome","tags":["logo","social-media","brand","youtube"],"pro":false}]